﻿<?xml version="1.0" encoding="UTF-8"?>
<!DOCTYPE MgmtTree PUBLIC " -//OMA//DTD-DM-DDF 1.2//EN"
  "http://www.openmobilealliance.org/tech/DTD/DM_DDF-V1_2.dtd"
  [
  <?oma-dm-ddf-ver supported-versions="1.2"?>
]>
<MgmtTree xmlns:MSFT="http://schemas.microsoft.com/MobileDevice/DM">
  <VerDTD>1.2</VerDTD>
  <Node>
    <NodeName>NodeCache</NodeName>
    <Path>./Device/Vendor/MSFT</Path>
    <DFProperties>
      <AccessType>
        <Get />
      </AccessType>
      <Description>The root node for the NodeCache object.</Description>
      <DFFormat>
        <node />
      </DFFormat>
      <Occurrence>
        <One />
      </Occurrence>
      <Scope>
        <Permanent />
      </Scope>
      <DFType>
        <MIME>com.microsoft/1.0/MDM/NodeCache</MIME>
      </DFType>
    </DFProperties>
    <Node>
      <NodeName></NodeName>
      <DFProperties>
        <AccessType>
          <Get />
          <Add />
          <Delete />
        </AccessType>
        <Description>Group settings per DM server. Each group of settings is distinguished by the server’s Provider ID. It should be the same DM server PROVIDER-ID value that was supplied through the w7 APPLICATION configuration service provider XML during the enrollment process. In Windows Phone 8, only one enterprise management server is supported. That is, there should be only one ProviderID node under NodeCache.</Description>
        <DFFormat>
          <node />
        </DFFormat>
        <Occurrence>
          <ZeroOrOne />
        </Occurrence>
        <Scope>
          <Dynamic />
        </Scope>
        <DFTitle>ProviderID</DFTitle>
        <DFType>
          <DDFName></DDFName>
        </DFType>
      </DFProperties>
      <Node>
        <NodeName>CacheVersion</NodeName>
        <DFProperties>
          <AccessType>
            <Get />
            <Add />
            <Replace />
          </AccessType>
          <Description>Character string representing the cache version set by the server.</Description>
          <DFFormat>
            <chr />
          </DFFormat>
          <Occurrence>
            <ZeroOrOne />
          </Occurrence>
          <Scope>
            <Dynamic />
          </Scope>
          <DFType>
            <MIME>text/plain</MIME>
          </DFType>
        </DFProperties>
      </Node>
      <Node>
        <NodeName>ChangedNodes</NodeName>
        <DFProperties>
          <AccessType>
            <Get />
          </AccessType>
          <Description>List of nodes whose values do not match their expected values as specified in /NodeID/ExpectedValue</Description>
          <DFFormat>
            <chr />
          </DFFormat>
          <Occurrence>
            <ZeroOrOne />
          </Occurrence>
          <Scope>
            <Dynamic />
          </Scope>
          <DFType>
            <MIME>text/plain</MIME>
          </DFType>
        </DFProperties>
      </Node>
      <Node>
        <NodeName>Nodes</NodeName>
        <DFProperties>
          <AccessType>
            <Get />
          </AccessType>
          <Description>Root node for cached nodes</Description>
          <DFFormat>
            <node />
          </DFFormat>
          <Occurrence>
            <One />
          </Occurrence>
          <Scope>
            <Dynamic />
          </Scope>
          <DFType>
            <DDFName></DDFName>
          </DFType>
        </DFProperties>
        <Node>
          <NodeName></NodeName>
          <DFProperties>
            <AccessType>
              <Get />
              <Add />
              <Delete />
            </AccessType>
            <Description>Information about each cached node is stored under NodeID as specified by the server. This value must not contain a comma.</Description>
            <DFFormat>
              <node />
            </DFFormat>
            <Occurrence>
              <ZeroOrMore />
            </Occurrence>
            <Scope>
              <Dynamic />
            </Scope>
            <DFTitle>NodeID</DFTitle>
            <DFType>
              <DDFName></DDFName>
            </DFType>
          </DFProperties>
          <Node>
            <NodeName>NodeURI</NodeName>
            <DFProperties>
              <AccessType>
                <Get />
                <Add />
                <Delete />
              </AccessType>
              <Description>This node's value is a complete OMA DM node URI. It can specify either an interior or leaf node in the device management tree.</Description>
              <DFFormat>
                <chr />
              </DFFormat>
              <Occurrence>
                <One />
              </Occurrence>
              <Scope>
                <Dynamic />
              </Scope>
              <DFType>
                <MIME>text/plain</MIME>
              </DFType>
            </DFProperties>
          </Node>
          <Node>
            <NodeName>ExpectedValue</NodeName>
            <DFProperties>
              <AccessType>
                <Get />
                <Add />
                <Delete />
              </AccessType>
              <Description>This is the value that the server expects to be on the device. When the configuration service provider initiates a session, it checks the expected value against the node's actual value.</Description>
              <DFFormat>
                <chr />
              </DFFormat>
              <Occurrence>
                <One />
              </Occurrence>
              <Scope>
                <Dynamic />
              </Scope>
              <DFType>
                <MIME>text/plain</MIME>
              </DFType>
            </DFProperties>
          </Node>
        </Node>
      </Node>
    </Node>
  </Node>
</MgmtTree>
