﻿<?xml version="1.0" encoding="UTF-8"?>
<!DOCTYPE MgmtTree PUBLIC " -//OMA//DTD-DM-DDF 1.2//EN"
  "http://www.openmobilealliance.org/tech/DTD/DM_DDF-V1_2.dtd"
  [<?oma-dm-ddf-ver supported-versions="1.2"?>]>
<MgmtTree xmlns:MSFT="http://schemas.microsoft.com/MobileDevice/DM">
  <VerDTD>1.2</VerDTD>
      <Node>
        <NodeName>SecureAssessment</NodeName>
        <Path>./Vendor/MSFT</Path>
        <DFProperties>
          <AccessType>
            <Get />
          </AccessType>
          <Description>Settings related to the configuration of the Secure Assessment Browser.</Description>
          <DFFormat>
            <node />
          </DFFormat>
          <Occurrence>
            <One />
          </Occurrence>
          <Scope>
            <Permanent />
          </Scope>
          <DFType>
            <MIME>com.microsoft/1.0/MDM/SecureAssessment</MIME>
          </DFType>
        </DFProperties>
        <Node>
          <NodeName>LaunchURI</NodeName>
          <DFProperties>
            <AccessType>
              <Add />
              <Delete />
              <Get />
              <Replace />
            </AccessType>
            <Description>Link to an assessment that's automatically loaded when the Secure Assessment Browser is launched.</Description>
            <DFFormat>
              <chr />
            </DFFormat>
            <Occurrence>
              <ZeroOrOne />
            </Occurrence>
            <Scope>
              <Dynamic />
            </Scope>
            <CaseSense>
              <CIS />
            </CaseSense>
            <DFType>
              <MIME>text/plain</MIME>
            </DFType>
          </DFProperties>
        </Node>
        <Node>
          <NodeName>TesterAccount</NodeName>
          <DFProperties>
            <AccessType>
              <Get />
              <Add />
              <Delete />
              <Replace />
            </AccessType>
            <Description>The user name of the test taking account.  To specify a domain account, use domain\user. To specify an AAD account, use username@tenant.com. To specify a local account, use the username.</Description>
            <DFFormat>
              <chr />
            </DFFormat>
            <Occurrence>
              <ZeroOrOne />
            </Occurrence>
            <Scope>
              <Dynamic />
            </Scope>
            <CaseSense>
              <CIS />
            </CaseSense>
            <DFType>
              <MIME>text/plain</MIME>
            </DFType>
          </DFProperties>
        </Node>
      </Node>
</MgmtTree>
