﻿<?xml version="1.0" encoding="UTF-8"?>
<!DOCTYPE MgmtTree PUBLIC " -//OMA//DTD-DM-DDF 1.2//EN"
  "http://www.openmobilealliance.org/tech/DTD/DM_DDF-V1_2.dtd"
  [<?oma-dm-ddf-ver supported-versions="1.2"?>]>
<MgmtTree xmlns:MSFT="http://schemas.microsoft.com/MobileDevice/DM">
  <VerDTD>1.2</VerDTD>
      <Node>
        <NodeName>EnterpriseModernAppManagement</NodeName>
        <Path>./Vendor/MSFT</Path>
        <DFProperties>
          <AccessType>
            <Get />
          </AccessType>
          <DFFormat>
            <node />
          </DFFormat>
          <Occurrence>
            <One />
          </Occurrence>
          <Scope>
            <Permanent />
          </Scope>
          <DFType>
            <DDFName></DDFName>
          </DFType>
        </DFProperties>
        <Node>
          <NodeName>AppManagement</NodeName>
          <DFProperties>
            <AccessType>
              <Get />
            </AccessType>
            <DFFormat>
              <node />
            </DFFormat>
            <Occurrence>
              <One />
            </Occurrence>
            <Scope>
              <Permanent />
            </Scope>
            <DFType>
              <DDFName></DDFName>
            </DFType>
          </DFProperties>
          <Node>
            <NodeName></NodeName>
            <DFProperties>
              <AccessType>
                <Add />
                <Delete />
                <Get />
              </AccessType>
              <DFFormat>
                <node />
              </DFFormat>
              <Occurrence>
                <OneOrMore />
              </Occurrence>
              <Scope>
                <Dynamic />
              </Scope>
              <DFTitle>EnterpriseID</DFTitle>
              <DFType>
                <DDFName></DDFName>
              </DFType>
            </DFProperties>
            <Node>
              <NodeName></NodeName>
              <DFProperties>
                <AccessType>
                  <Add />
                  <Delete />
                  <Get />
                </AccessType>
                <DFFormat>
                  <node />
                </DFFormat>
                <Occurrence>
                  <ZeroOrMore />
                </Occurrence>
                <Scope>
                  <Dynamic />
                </Scope>
                <DFTitle>PackageFamilyName</DFTitle>
                <DFType>
                  <DDFName></DDFName>
                </DFType>
              </DFProperties>
              <Node>
                <NodeName></NodeName>
                <DFProperties>
                  <AccessType>
                    <Add />
                    <Delete />
                    <Get />
                  </AccessType>
                  <DFFormat>
                    <node />
                  </DFFormat>
                  <Occurrence>
                    <ZeroOrMore />
                  </Occurrence>
                  <Scope>
                    <Dynamic />
                  </Scope>
                  <DFTitle>PackageFullName</DFTitle>
                  <DFType>
                    <DDFName></DDFName>
                  </DFType>
                </DFProperties>
                <Node>
                  <NodeName>Name</NodeName>
                  <DFProperties>
                    <AccessType>
                      <Get />
                    </AccessType>
                    <DFFormat>
                      <chr />
                    </DFFormat>
                    <Occurrence>
                      <One />
                    </Occurrence>
                    <Scope>
                      <Dynamic />
                    </Scope>
                    <DFType>
                      <MIME>text/plain</MIME>
                    </DFType>
                  </DFProperties>
                </Node>
                <Node>
                  <NodeName>Version</NodeName>
                  <DFProperties>
                    <AccessType>
                      <Get />
                    </AccessType>
                    <DFFormat>
                      <chr />
                    </DFFormat>
                    <Occurrence>
                      <One />
                    </Occurrence>
                    <Scope>
                      <Dynamic />
                    </Scope>
                    <DFType>
                      <MIME>text/plain</MIME>
                    </DFType>
                  </DFProperties>
                </Node>
                <Node>
                  <NodeName>Publisher</NodeName>
                  <DFProperties>
                    <AccessType>
                      <Get />
                    </AccessType>
                    <DFFormat>
                      <chr />
                    </DFFormat>
                    <Occurrence>
                      <One />
                    </Occurrence>
                    <Scope>
                      <Dynamic />
                    </Scope>
                    <DFType>
                      <MIME>text/plain</MIME>
                    </DFType>
                  </DFProperties>
                </Node>
                <Node>
                  <NodeName>Architecture</NodeName>
                  <DFProperties>
                    <AccessType>
                      <Get />
                    </AccessType>
                    <DFFormat>
                      <chr />
                    </DFFormat>
                    <Occurrence>
                      <One />
                    </Occurrence>
                    <Scope>
                      <Dynamic />
                    </Scope>
                    <DFType>
                      <MIME>text/plain</MIME>
                    </DFType>
                  </DFProperties>
                </Node>
                <Node>
                  <NodeName>InstallLocation</NodeName>
                  <DFProperties>
                    <AccessType>
                      <Get />
                    </AccessType>
                    <DFFormat>
                      <chr />
                    </DFFormat>
                    <Occurrence>
                      <One />
                    </Occurrence>
                    <Scope>
                      <Dynamic />
                    </Scope>
                    <DFType>
                      <MIME>text/plain</MIME>
                    </DFType>
                  </DFProperties>
                </Node>
                <Node>
                  <NodeName>IsFramework</NodeName>
                  <DFProperties>
                    <AccessType>
                      <Get />
                    </AccessType>
                    <DFFormat>
                      <int />
                    </DFFormat>
                    <Occurrence>
                      <One />
                    </Occurrence>
                    <Scope>
                      <Dynamic />
                    </Scope>
                    <DFType>
                      <MIME>text/plain</MIME>
                    </DFType>
                  </DFProperties>
                </Node>
                <Node>
                  <NodeName>IsBundle</NodeName>
                  <DFProperties>
                    <AccessType>
                      <Get />
                    </AccessType>
                    <DFFormat>
                      <int />
                    </DFFormat>
                    <Occurrence>
                      <One />
                    </Occurrence>
                    <Scope>
                      <Dynamic />
                    </Scope>
                    <DFType>
                      <MIME>text/plain</MIME>
                    </DFType>
                  </DFProperties>
                </Node>
                <Node>
                  <NodeName>InstallDate</NodeName>
                  <DFProperties>
                    <AccessType>
                      <Get />
                    </AccessType>
                    <DFFormat>
                      <chr />
                    </DFFormat>
                    <Occurrence>
                      <One />
                    </Occurrence>
                    <Scope>
                      <Dynamic />
                    </Scope>
                    <DFType>
                      <MIME>text/plain</MIME>
                    </DFType>
                  </DFProperties>
                </Node>
                <Node>
                  <NodeName>ResourceID</NodeName>
                  <DFProperties>
                    <AccessType>
                      <Get />
                    </AccessType>
                    <DFFormat>
                      <chr />
                    </DFFormat>
                    <Occurrence>
                      <One />
                    </Occurrence>
                    <Scope>
                      <Dynamic />
                    </Scope>
                    <DFType>
                      <MIME>text/plain</MIME>
                    </DFType>
                  </DFProperties>
                </Node>
                <Node>
                  <NodeName>PackageStatus</NodeName>
                  <DFProperties>
                    <AccessType>
                      <Get />
                    </AccessType>
                    <DFFormat>
                      <int />
                    </DFFormat>
                    <Occurrence>
                      <One />
                    </Occurrence>
                    <Scope>
                      <Dynamic />
                    </Scope>
                    <DFType>
                      <MIME>text/plain</MIME>
                    </DFType>
                  </DFProperties>
                </Node>
                <Node>
                  <NodeName>RequiresReinstall</NodeName>
                  <DFProperties>
                    <AccessType>
                      <Get />
                    </AccessType>
                    <DFFormat>
                      <int />
                    </DFFormat>
                    <Occurrence>
                      <One />
                    </Occurrence>
                    <Scope>
                      <Dynamic />
                    </Scope>
                    <DFType>
                      <MIME>text/plain</MIME>
                    </DFType>
                  </DFProperties>
                </Node>
                <Node>
                  <NodeName>Users</NodeName>
                  <DFProperties>
                    <AccessType>
                      <Get />
                    </AccessType>
                    <DFFormat>
                      <chr />
                    </DFFormat>
                    <Occurrence>
                      <One />
                    </Occurrence>
                    <Scope>
                      <Dynamic />
                    </Scope>
                    <DFType>
                      <MIME>text/plain</MIME>
                    </DFType>
                  </DFProperties>
                </Node>
                <Node>
                  <NodeName>IsProvisioned</NodeName>
                  <DFProperties>
                    <AccessType>
                      <Get />
                    </AccessType>
                    <DFFormat>
                      <int />
                    </DFFormat>
                    <Occurrence>
                      <One />
                    </Occurrence>
                    <Scope>
                      <Dynamic />
                    </Scope>
                    <DFType>
                      <MIME>text/plain</MIME>
                    </DFType>
                  </DFProperties>
                </Node>
              </Node>
              <Node>
                <NodeName>DoNotUpdate</NodeName>
                <DFProperties>
                  <AccessType>
                    <Add />
                    <Delete />
                    <Get />
                    <Replace />
                  </AccessType>
                  <DFFormat>
                    <int />
                  </DFFormat>
                  <Occurrence>
                    <ZeroOrOne />
                  </Occurrence>
                  <Scope>
                    <Dynamic />
                  </Scope>
                  <DFTitle>DoNotUpdate</DFTitle>
                  <DFType>
                    <MIME>text/plain</MIME>
                  </DFType>
                </DFProperties>
              </Node>
              <Node>
                <NodeName>AppSettingPolicy</NodeName>
                <DFProperties>
                  <AccessType>
                    <Add />
                    <Delete />
                    <Get />
                    <Replace />
                  </AccessType>
                  <DFFormat>
                    <node />
                  </DFFormat>
                  <Occurrence>
                    <One />
                  </Occurrence>
                  <Scope>
                    <Dynamic />
                  </Scope>
                  <DFType>
                    <DDFName></DDFName>
                  </DFType>
                </DFProperties>
                <Node>
                  <NodeName></NodeName>
                  <DFProperties>
                    <AccessType>
                      <Add />
                      <Delete />
                      <Get />
                      <Replace />
                    </AccessType>
                    <DFFormat>
                      <chr />
                    </DFFormat>
                    <Occurrence>
                      <ZeroOrMore />
                    </Occurrence>
                    <Scope>
                      <Dynamic />
                    </Scope>
                    <DFTitle>SettingValue</DFTitle>
                    <DFType>
                      <MIME>text/plain</MIME>
                    </DFType>
                  </DFProperties>
                </Node>
              </Node>
              <Node>
                <NodeName>MaintainProcessorArchitectureOnUpdate</NodeName>
                <DFProperties>
                  <AccessType>
                    <Get />
                    <Add />
                    <Delete />
                    <Replace />
                  </AccessType>
                  <DFFormat>
                    <int />
                  </DFFormat>
                  <Occurrence>
                    <ZeroOrOne />
                  </Occurrence>
                  <Scope>
                    <Dynamic />
                  </Scope>
                  <DFTitle>MaintainProcessorArchitectureOnUpdate</DFTitle>
                  <DFType>
                    <MIME>text/plain</MIME>
                  </DFType>
                </DFProperties>
              </Node>
            </Node>
          </Node>
          <Node>
            <NodeName>UpdateScan</NodeName>
            <DFProperties>
              <AccessType>
                <Exec />
              </AccessType>
              <DFFormat>
                <null />
              </DFFormat>
              <Occurrence>
                <One />
              </Occurrence>
              <Scope>
                <Permanent />
              </Scope>
              <DFType>
                <MIME>text/plain</MIME>
              </DFType>
            </DFProperties>
          </Node>
          <Node>
            <NodeName>LastScanError</NodeName>
            <DFProperties>
              <AccessType>
                <Get />
              </AccessType>
              <DFFormat>
                <int />
              </DFFormat>
              <Occurrence>
                <One />
              </Occurrence>
              <Scope>
                <Permanent />
              </Scope>
              <DFType>
                <MIME>text/plain</MIME>
              </DFType>
            </DFProperties>
          </Node>
          <Node>
            <NodeName>AppInventoryResults</NodeName>
            <DFProperties>
              <AccessType>
                <Get />
              </AccessType>
              <DFFormat>
                <xml />
              </DFFormat>
              <Occurrence>
                <One />
              </Occurrence>
              <Scope>
                <Permanent />
              </Scope>
              <DFType>
                <MIME>text/plain</MIME>
              </DFType>
            </DFProperties>
          </Node>
          <Node>
            <NodeName>AppInventoryQuery</NodeName>
            <DFProperties>
              <AccessType>
                <Get />
                <Replace />
              </AccessType>
              <DFFormat>
                <xml />
              </DFFormat>
              <Occurrence>
                <One />
              </Occurrence>
              <Scope>
                <Permanent />
              </Scope>
              <DFType>
                <MIME>text/plain</MIME>
              </DFType>
            </DFProperties>
          </Node>
          <Node>
            <NodeName>RemovePackage</NodeName>
            <DFProperties>
              <AccessType>
                <Exec />
                <Get />
              </AccessType>
              <DFFormat>
                <xml />
              </DFFormat>
              <Occurrence>
                <One />
              </Occurrence>
              <Scope>
                <Permanent />
              </Scope>
              <DFType>
                <MIME>text/plain</MIME>
              </DFType>
            </DFProperties>
          </Node>
        </Node>
        <Node>
          <NodeName>AppInstallation</NodeName>
          <DFProperties>
            <AccessType>
              <Get />
            </AccessType>
            <DFFormat>
              <node />
            </DFFormat>
            <Occurrence>
              <One />
            </Occurrence>
            <Scope>
              <Permanent />
            </Scope>
            <DFType>
              <DDFName></DDFName>
            </DFType>
          </DFProperties>
          <Node>
            <NodeName></NodeName>
            <DFProperties>
              <AccessType>
                <Add />
                <Delete />
                <Get />
                <Replace />
              </AccessType>
              <DFFormat>
                <node />
              </DFFormat>
              <Occurrence>
                <ZeroOrMore />
              </Occurrence>
              <Scope>
                <Dynamic />
              </Scope>
              <DFTitle>PackageFamilyName</DFTitle>
              <DFType>
                <DDFName></DDFName>
              </DFType>
            </DFProperties>
            <Node>
              <NodeName>StoreInstall</NodeName>
              <DFProperties>
                <AccessType>
                  <Exec />
                  <Add />
                  <Delete />
                  <Get />
                </AccessType>
                <DFFormat>
                  <xml />
                </DFFormat>
                <Occurrence>
                  <One />
                </Occurrence>
                <Scope>
                  <Dynamic />
                </Scope>
                <DFType>
                  <MIME>text/plain</MIME>
                </DFType>
              </DFProperties>
            </Node>
            <Node>
              <NodeName>HostedInstall</NodeName>
              <DFProperties>
                <AccessType>
                  <Exec />
                  <Add />
                  <Delete />
                  <Get />
                </AccessType>
                <DFFormat>
                  <xml />
                </DFFormat>
                <Occurrence>
                  <One />
                </Occurrence>
                <Scope>
                  <Dynamic />
                </Scope>
                <DFType>
                  <MIME>text/plain</MIME>
                </DFType>
              </DFProperties>
            </Node>
            <Node>
              <NodeName>LastError</NodeName>
              <DFProperties>
                <AccessType>
                  <Get />
                </AccessType>
                <DFFormat>
                  <int />
                </DFFormat>
                <Occurrence>
                  <One />
                </Occurrence>
                <Scope>
                  <Dynamic />
                </Scope>
                <DFType>
                  <MIME>text/plain</MIME>
                </DFType>
              </DFProperties>
            </Node>
            <Node>
              <NodeName>LastErrorDesc</NodeName>
              <DFProperties>
                <AccessType>
                  <Get />
                </AccessType>
                <DFFormat>
                  <chr />
                </DFFormat>
                <Occurrence>
                  <One />
                </Occurrence>
                <Scope>
                  <Dynamic />
                </Scope>
                <DFType>
                  <MIME>text/plain</MIME>
                </DFType>
              </DFProperties>
            </Node>
            <Node>
              <NodeName>Status</NodeName>
              <DFProperties>
                <AccessType>
                  <Get />
                </AccessType>
                <DFFormat>
                  <int />
                </DFFormat>
                <Occurrence>
                  <One />
                </Occurrence>
                <Scope>
                  <Dynamic />
                </Scope>
                <DFType>
                  <MIME>text/plain</MIME>
                </DFType>
              </DFProperties>
            </Node>
            <Node>
              <NodeName>ProgressStatus</NodeName>
              <DFProperties>
                <AccessType>
                  <Get />
                </AccessType>
                <DFFormat>
                  <int />
                </DFFormat>
                <Occurrence>
                  <One />
                </Occurrence>
                <Scope>
                  <Dynamic />
                </Scope>
                <DFType>
                  <MIME>text/plain</MIME>
                </DFType>
              </DFProperties>
            </Node>
          </Node>
        </Node>
        <Node>
          <NodeName>AppLicenses</NodeName>
          <DFProperties>
            <AccessType>
              <Get />
            </AccessType>
            <DFFormat>
              <node />
            </DFFormat>
            <Occurrence>
              <One />
            </Occurrence>
            <Scope>
              <Permanent />
            </Scope>
            <DFType>
              <DDFName></DDFName>
            </DFType>
          </DFProperties>
          <Node>
            <NodeName>StoreLicenses</NodeName>
            <DFProperties>
              <AccessType>
                <Get />
              </AccessType>
              <DFFormat>
                <node />
              </DFFormat>
              <Occurrence>
                <One />
              </Occurrence>
              <Scope>
                <Permanent />
              </Scope>
              <DFType>
                <DDFName></DDFName>
              </DFType>
            </DFProperties>
            <Node>
              <NodeName></NodeName>
              <DFProperties>
                <AccessType>
                  <Add />
                  <Delete />
                  <Get />
                </AccessType>
                <DFFormat>
                  <node />
                </DFFormat>
                <Occurrence>
                  <ZeroOrMore />
                </Occurrence>
                <Scope>
                  <Dynamic />
                </Scope>
                <DFTitle>LicenseID</DFTitle>
                <DFType>
                  <DDFName></DDFName>
                </DFType>
              </DFProperties>
              <Node>
                <NodeName>LicenseCategory</NodeName>
                <DFProperties>
                  <AccessType>
                    <Get />
                  </AccessType>
                  <DFFormat>
                    <chr />
                  </DFFormat>
                  <Occurrence>
                    <One />
                  </Occurrence>
                  <Scope>
                    <Dynamic />
                  </Scope>
                  <DFType>
                    <MIME>text/plain</MIME>
                  </DFType>
                </DFProperties>
              </Node>
              <Node>
                <NodeName>LicenseUsage</NodeName>
                <DFProperties>
                  <AccessType>
                    <Get />
                  </AccessType>
                  <DFFormat>
                    <chr />
                  </DFFormat>
                  <Occurrence>
                    <One />
                  </Occurrence>
                  <Scope>
                    <Dynamic />
                  </Scope>
                  <DFType>
                    <MIME>text/plain</MIME>
                  </DFType>
                </DFProperties>
              </Node>
              <Node>
                <NodeName>RequesterID</NodeName>
                <DFProperties>
                  <AccessType>
                    <Get />
                  </AccessType>
                  <DFFormat>
                    <chr />
                  </DFFormat>
                  <Occurrence>
                    <One />
                  </Occurrence>
                  <Scope>
                    <Dynamic />
                  </Scope>
                  <DFType>
                    <MIME>text/plain</MIME>
                  </DFType>
                </DFProperties>
              </Node>
              <Node>
                <NodeName>AddLicense</NodeName>
                <DFProperties>
                  <AccessType>
                    <Exec />
                  </AccessType>
                  <DFFormat>
                    <xml />
                  </DFFormat>
                  <Occurrence>
                    <One />
                  </Occurrence>
                  <Scope>
                    <Dynamic />
                  </Scope>
                  <DFType>
                    <MIME>text/plain</MIME>
                  </DFType>
                </DFProperties>
              </Node>
              <Node>
                <NodeName>GetLicenseFromStore</NodeName>
                <DFProperties>
                  <AccessType>
                    <Exec />
                  </AccessType>
                  <DFFormat>
                    <xml />
                  </DFFormat>
                  <Occurrence>
                    <One />
                  </Occurrence>
                  <Scope>
                    <Dynamic />
                  </Scope>
                  <DFType>
                    <MIME>text/plain</MIME>
                  </DFType>
                </DFProperties>
              </Node>
            </Node>
          </Node>
        </Node>
      </Node>
</MgmtTree>
