﻿<?xml version="1.0" encoding="UTF-8"?>
<!DOCTYPE MgmtTree PUBLIC "-//OMA//DTD-DM-DDF 1.2//EN"
    "http://www.openmobilealliance.org/tech/DTD/DM_DDF-V1_2.dtd"
    [
  <?oma-dm-ddf-ver supported-versions="1.2"?>
]>
<MgmtTree xmlns:MSFT="http://schemas.microsoft.com/MobileDevice/DM">
  <VerDTD>1.2</VerDTD>
  <Node>
    <NodeName>RemoteLock</NodeName>
    <Path>./Vendor/MSFT</Path>
    <DFProperties>
      <AccessType>
        <Get />
      </AccessType>
      <DFFormat>
        <node />
      </DFFormat>
      <Occurrence>
        <One />
      </Occurrence>
      <Scope>
        <Permanent />
      </Scope>
      <DFType>
        <DDFName></DDFName>
      </DFType>
    </DFProperties>
    <Node>
      <NodeName>Lock</NodeName>
      <DFProperties>
        <AccessType>
          <Get />
          <Exec />
        </AccessType>
        <DFFormat>
          <null />
        </DFFormat>
        <Occurrence>
          <One />
        </Occurrence>
        <Scope>
          <Permanent />
        </Scope>
        <DFType>
          <MIME>text/plain</MIME>
        </DFType>
      </DFProperties>
    </Node>
  </Node>
</MgmtTree>
