﻿<?xml version="1.0" encoding="UTF-8"?>
<!DOCTYPE MgmtTree PUBLIC " -//OMA//DTD-DM-DDF 1.2//EN"
  "http://www.openmobilealliance.org/tech/DTD/DM_DDF-V1_2.dtd"
  [<?oma-dm-ddf-ver supported-versions="1.2"?>]>
<MgmtTree xmlns:MSFT="http://schemas.microsoft.com/MobileDevice/DM">
  <VerDTD>1.2</VerDTD>
      <Node>
        <NodeName>DMClient</NodeName>
        <Path>./Vendor/MSFT</Path>
        <DFProperties>
          <AccessType>
            <Get />
          </AccessType>
          <DFFormat>
            <node />
          </DFFormat>
          <Occurrence>
            <One />
          </Occurrence>
          <Scope>
            <Permanent />
          </Scope>
          <DFType>
            <MIME>com.microsoft/1.4/MDM/DMClient</MIME>
          </DFType>
        </DFProperties>
        <Node>
          <NodeName>Provider</NodeName>
          <DFProperties>
            <AccessType>
              <Get />
            </AccessType>
            <DFFormat>
              <node />
            </DFFormat>
            <Occurrence>
              <One />
            </Occurrence>
            <Scope>
              <Permanent />
            </Scope>
            <DFType>
              <DDFName></DDFName>
            </DFType>
          </DFProperties>
          <Node>
            <NodeName></NodeName>
            <DFProperties>
              <AccessType>
                <Add />
                <Delete />
                <Get />
              </AccessType>
              <DFFormat>
                <node />
              </DFFormat>
              <Occurrence>
                <ZeroOrOne />
              </Occurrence>
              <Scope>
                <Dynamic />
              </Scope>
              <DFType>
                <MIME>text/plain</MIME>
              </DFType>
            </DFProperties>
            <Node>
              <NodeName>EntDeviceName</NodeName>
              <DFProperties>
                <AccessType>
                  <Add />
                  <Delete />
                  <Get />
                  <Replace />
                </AccessType>
                <DFFormat>
                  <chr />
                </DFFormat>
                <Occurrence>
                  <ZeroOrOne />
                </Occurrence>
                <Scope>
                  <Dynamic />
                </Scope>
                <DFType>
                  <MIME>text/plain</MIME>
                </DFType>
              </DFProperties>
            </Node>
            <Node>
              <NodeName>ExchangeID</NodeName>
              <DFProperties>
                <AccessType>
                  <Add />
                  <Delete />
                  <Get />
                  <Replace />
                </AccessType>
                <DFFormat>
                  <chr />
                </DFFormat>
                <Occurrence>
                  <ZeroOrOne />
                </Occurrence>
                <Scope>
                  <Dynamic />
                </Scope>
                <DFType>
                  <MIME>text/plain</MIME>
                </DFType>
              </DFProperties>
            </Node>
            <Node>
              <NodeName>EntDMID</NodeName>
              <DFProperties>
                <AccessType>
                  <Add />
                  <Delete />
                  <Get />
                  <Replace />
                </AccessType>
                <DFFormat>
                  <chr />
                </DFFormat>
                <Occurrence>
                  <ZeroOrOne />
                </Occurrence>
                <Scope>
                  <Dynamic />
                </Scope>
                <DFType>
                  <MIME>text/plain</MIME>
                </DFType>
              </DFProperties>
            </Node>
            <Node>
              <NodeName>SignedEntDMID</NodeName>
              <DFProperties>
                <AccessType>
                  <Add />
                  <Delete />
                  <Get />
                  <Replace />
                </AccessType>
                <DFFormat>
                  <chr />
                </DFFormat>
                <Occurrence>
                  <ZeroOrOne />
                </Occurrence>
                <Scope>
                  <Dynamic />
                </Scope>
                <DFType>
                  <MIME>text/plain</MIME>
                </DFType>
              </DFProperties>
            </Node>
            <Node>
              <NodeName>CertRenewTimeStamp</NodeName>
              <DFProperties>
                <AccessType>
                  <Add />
                  <Delete />
                  <Get />
                  <Replace />
                </AccessType>
                <DFFormat>
                  <chr />
                </DFFormat>
                <Occurrence>
                  <ZeroOrOne />
                </Occurrence>
                <Scope>
                  <Dynamic />
                </Scope>
                <DFType>
                  <MIME>text/plain</MIME>
                </DFType>
              </DFProperties>
            </Node>
            <Node>
              <!-- DEPRECATED : FROM PHONE 8.1 -->
              <NodeName>PublisherDeviceID</NodeName>
              <DFProperties>
                <AccessType>
                  <Add />
                  <Delete />
                  <Get />
                  <Replace />
                </AccessType>
                <DFFormat>
                  <chr />
                </DFFormat>
                <Occurrence>
                  <ZeroOrOne />
                </Occurrence>
                <Scope>
                  <Dynamic />
                </Scope>
                <DFType>
                  <MIME>text/plain</MIME>
                </DFType>
              </DFProperties>
              <!-- DEPRECATED : FROM PHONE 8.1 -->
            </Node>
            <Node>
              <NodeName>ManagementServiceAddress</NodeName>
              <DFProperties>
                <AccessType>
                  <Get />
                  <Replace />
                </AccessType>
                <DFFormat>
                  <chr />
                </DFFormat>
                <Occurrence>
                  <ZeroOrOne />
                </Occurrence>
                <Scope>
                  <Dynamic />
                </Scope>
                <DFType>
                  <MIME>text/plain</MIME>
                </DFType>
              </DFProperties>
            </Node>
            <Node>
              <NodeName>UPN</NodeName>
              <DFProperties>
                <AccessType>
                  <Add />
                  <Get />
                  <Replace />
                </AccessType>
                <DFFormat>
                  <chr />
                </DFFormat>
                <Occurrence>
                  <ZeroOrOne />
                </Occurrence>
                <Scope>
                  <Dynamic />
                </Scope>
                <DFType>
                  <MIME>text/plain</MIME>
                </DFType>
              </DFProperties>
            </Node>
            <Node>
              <NodeName>HelpPhoneNumber</NodeName>
              <DFProperties>
                <AccessType>
                  <Add />
                  <Delete />
                  <Get />
                  <Replace />
                </AccessType>
                <DFFormat>
                  <chr />
                </DFFormat>
                <Occurrence>
                  <ZeroOrOne />
                </Occurrence>
                <Scope>
                  <Dynamic />
                </Scope>
                <DFType>
                  <MIME>text/plain</MIME>
                </DFType>
              </DFProperties>
            </Node>
            <Node>
              <NodeName>HelpWebsite</NodeName>
              <DFProperties>
                <AccessType>
                  <Add />
                  <Delete />
                  <Get />
                  <Replace />
                </AccessType>
                <DFFormat>
                  <chr />
                </DFFormat>
                <Occurrence>
                  <ZeroOrOne />
                </Occurrence>
                <Scope>
                  <Dynamic />
                </Scope>
                <DFType>
                  <MIME>text/plain</MIME>
                </DFType>
              </DFProperties>
            </Node>
            <Node>
              <NodeName>HelpEmailAddress</NodeName>
              <DFProperties>
                <AccessType>
                  <Add />
                  <Delete />
                  <Get />
                  <Replace />
                </AccessType>
                <DFFormat>
                  <chr />
                </DFFormat>
                <Occurrence>
                  <ZeroOrOne />
                </Occurrence>
                <Scope>
                  <Dynamic />
                </Scope>
                <DFType>
                  <MIME>text/plain</MIME>
                </DFType>
              </DFProperties>
            </Node>
            <Node>
              <NodeName>RequireMessageSigning</NodeName>
              <DFProperties>
                <AccessType>
                  <Add />
                  <Delete />
                  <Get />
                  <Replace />
                </AccessType>
                <DFFormat>
                  <bool />
                </DFFormat>
                <Occurrence>
                  <ZeroOrOne />
                </Occurrence>
                <Scope>
                  <Dynamic />
                </Scope>
                <DFType>
                  <MIME>text/plain</MIME>
                </DFType>
              </DFProperties>
            </Node>
            <Node>
              <NodeName>SyncApplicationVersion</NodeName>
              <DFProperties>
                <AccessType>
                  <Add />
                  <Delete />
                  <Get />
                  <Replace />
                </AccessType>
                <DFFormat>
                  <chr />
                </DFFormat>
                <Occurrence>
                  <ZeroOrOne />
                </Occurrence>
                <Scope>
                  <Dynamic />
                </Scope>
                <DFType>
                  <MIME>text/plain</MIME>
                </DFType>
              </DFProperties>
            </Node>
            <Node>
              <NodeName>MaxSyncApplicationVersion</NodeName>
              <DFProperties>
                <AccessType>
                  <Get />
                </AccessType>
                <DFFormat>
                  <chr />
                </DFFormat>
                <Occurrence>
                  <ZeroOrOne />
                </Occurrence>
                <Scope>
                  <Dynamic />
                </Scope>
                <DFType>
                  <MIME>text/plain</MIME>
                </DFType>
              </DFProperties>
            </Node>
            <Node>
              <NodeName>Unenroll</NodeName>
              <DFProperties>
                <AccessType>
                  <Exec />
                  <Get />
                </AccessType>
                <DFFormat>
                  <null />
                </DFFormat>
                <Occurrence>
                  <One />
                </Occurrence>
                <Scope>
                  <Permanent />
                </Scope>
                <DFType>
                  <MIME>text/plain</MIME>
                </DFType>
              </DFProperties>
            </Node>
            <Node>
              <NodeName>AADResourceID</NodeName>
              <DFProperties>
                <AccessType>
                  <Add />
                  <Get />
                  <Replace />
                </AccessType>
                <DFFormat>
                  <chr />
                </DFFormat>
                <Occurrence>
                  <ZeroOrOne />
                </Occurrence>
                <Scope>
                  <Dynamic />
                </Scope>
                <DFType>
                  <MIME>text/plain</MIME>
                </DFType>
              </DFProperties>
            </Node>
            <Node>
              <NodeName>AADDeviceID</NodeName>
              <DFProperties>
                <AccessType>
                  <Get />
                </AccessType>
                <Description>Device ID used for AAD device registration</Description>
                <DFFormat>
                  <chr />
                </DFFormat>
                <Occurrence>
                  <ZeroOrOne />
                </Occurrence>
                <Scope>
                  <Dynamic />
                </Scope>
                <DFType>
                  <MIME>text/plain</MIME>
                </DFType>
              </DFProperties>
            </Node>
            <Node>
              <NodeName>EnrollmentType</NodeName>
              <DFProperties>
                <AccessType>
                  <Get />
                </AccessType>
                <Description>Type of MDM enrollment</Description>
                <DFFormat>
                  <chr />
                </DFFormat>
                <Occurrence>
                  <ZeroOrOne />
                </Occurrence>
                <Scope>
                  <Dynamic />
                </Scope>
                <DFType>
                  <MIME>text/plain</MIME>
                </DFType>
              </DFProperties>
            </Node>
            <Node>
              <NodeName>EnableOmaDmKeepAliveMessage</NodeName>
              <DFProperties>
                <AccessType>
                  <Get />
                  <Replace />
                </AccessType>
                <DFFormat>
                  <bool />
                </DFFormat>
                <Occurrence>
                  <ZeroOrOne />
                </Occurrence>
                <Scope>
                  <Dynamic />
                </Scope>
                <DFType>
                  <MIME>text/plain</MIME>
                </DFType>
              </DFProperties>
            </Node>
            <Node>
              <NodeName>HWDevID</NodeName>
              <DFProperties>
                <AccessType>
                  <Get />
                </AccessType>
                <DFFormat>
                  <chr />
                </DFFormat>
                <Occurrence>
                  <ZeroOrOne />
                </Occurrence>
                <Scope>
                  <Dynamic />
                </Scope>
                <DFType>
                  <MIME>text/plain</MIME>
                </DFType>
              </DFProperties>
            </Node>
            <Node>
              <NodeName>ManagementServerAddressList</NodeName>
              <DFProperties>
                <AccessType>
                  <Get />
                  <Replace />
                </AccessType>
                <DFFormat>
                  <chr />
                </DFFormat>
                <Occurrence>
                  <ZeroOrOne />
                </Occurrence>
                <Scope>
                  <Dynamic />
                </Scope>
                <DFType>
                  <MIME>text/plain</MIME>
                </DFType>
              </DFProperties>
            </Node>
            <Node>
              <NodeName>CommercialID</NodeName>
              <DFProperties>
                <AccessType>
                  <Add />
                  <Delete />
                  <Get />
                  <Replace />
                </AccessType>
                <DFFormat>
                  <chr />
                </DFFormat>
                <Occurrence>
                  <ZeroOrOne />
                </Occurrence>
                <Scope>
                  <Dynamic />
                </Scope>
                <DFType>
                  <MIME>text/plain</MIME>
                </DFType>
              </DFProperties>
            </Node>
            <Node>
              <NodeName>ManagementServerToUpgradeTo</NodeName>
              <DFProperties>
                <AccessType>
                  <Add />
                  <Delete />
                  <Get />
                  <Replace />
                </AccessType>
                <Description>Specify the Discovery server URL of the MDM server to upgrade to for a MAM enrolled device</Description>
                <DFFormat>
                  <chr />
                </DFFormat>
                <Occurrence>
                  <ZeroOrOne />
                </Occurrence>
                <Scope>
                  <Dynamic />
                </Scope>
                <DFType>
                  <MIME>text/plain</MIME>
                </DFType>
              </DFProperties>
            </Node>
            <Node>
              <NodeName>NumberOfDaysAfterLostContactToUnenroll</NodeName>
              <DFProperties>
                <AccessType>
                  <Add />
                  <Delete />
                  <Get />
                  <Replace />
                </AccessType>
                <Description>Number of days after last sucessful sync to unenroll</Description>
                <DFFormat>
                  <int />
                </DFFormat>
                <Occurrence>
                  <ZeroOrOne />
                </Occurrence>
                <Scope>
                  <Dynamic />
                </Scope>
                <DFType>
                  <MIME>text/plain</MIME>
                </DFType>
              </DFProperties>
            </Node>
            <Node>
              <NodeName>Push</NodeName>
              <DFProperties>
                <AccessType>
                  <Add />
                  <Delete />
                  <Get />
                </AccessType>
                <DFFormat>
                  <node />
                </DFFormat>
                <Occurrence>
                  <ZeroOrOne />
                </Occurrence>
                <Scope>
                  <Dynamic />
                </Scope>
                <DFType>
                  <DDFName></DDFName>
                </DFType>
              </DFProperties>
              <Node>
                <NodeName>PFN</NodeName>
                <DFProperties>
                  <AccessType>
                    <Add />
                    <Delete />
                    <Get />
                    <Replace />
                  </AccessType>
                  <DFFormat>
                    <chr />
                  </DFFormat>
                  <Occurrence>
                    <One />
                  </Occurrence>
                  <Scope>
                    <Dynamic />
                  </Scope>
                  <DFType>
                    <MIME>text/plain</MIME>
                  </DFType>
                </DFProperties>
              </Node>
              <Node>
                <NodeName>ChannelURI</NodeName>
                <DFProperties>
                  <AccessType>
                    <Get />
                  </AccessType>
                  <DFFormat>
                    <chr />
                  </DFFormat>
                  <Occurrence>
                    <One />
                  </Occurrence>
                  <Scope>
                    <Dynamic />
                  </Scope>
                  <DFType>
                    <MIME>text/plain</MIME>
                  </DFType>
                </DFProperties>
              </Node>
              <Node>
                <NodeName>Status</NodeName>
                <DFProperties>
                  <AccessType>
                    <Get />
                  </AccessType>
                  <DFFormat>
                    <int />
                  </DFFormat>
                  <Occurrence>
                    <One />
                  </Occurrence>
                  <Scope>
                    <Dynamic />
                  </Scope>
                  <DFType>
                    <MIME>text/plain</MIME>
                  </DFType>
                </DFProperties>
              </Node>
            </Node>
            <Node>
              <NodeName>Poll</NodeName>
              <DFProperties>
                <AccessType>
                  <Add />
                  <Delete />
                  <Get />
                </AccessType>
                <DFFormat>
                  <node />
                </DFFormat>
                <Occurrence>
                  <ZeroOrOne />
                </Occurrence>
                <Scope>
                  <Dynamic />
                </Scope>
                <DFType>
                  <DDFName></DDFName>
                </DFType>
              </DFProperties>
              <Node>
                <NodeName>IntervalForFirstSetOfRetries</NodeName>
                <DFProperties>
                  <AccessType>
                    <Add />
                    <Delete />
                    <Get />
                    <Replace />
                  </AccessType>
                  <DFFormat>
                    <int />
                  </DFFormat>
                  <Occurrence>
                    <ZeroOrOne />
                  </Occurrence>
                  <Scope>
                    <Dynamic />
                  </Scope>
                  <DFType>
                    <MIME>text/plain</MIME>
                  </DFType>
                </DFProperties>
              </Node>
              <Node>
                <NodeName>NumberOfFirstRetries</NodeName>
                <DFProperties>
                  <AccessType>
                    <Add />
                    <Delete />
                    <Get />
                    <Replace />
                  </AccessType>
                  <DFFormat>
                    <int />
                  </DFFormat>
                  <Occurrence>
                    <ZeroOrOne />
                  </Occurrence>
                  <Scope>
                    <Dynamic />
                  </Scope>
                  <DFType>
                    <MIME>text/plain</MIME>
                  </DFType>
                </DFProperties>
              </Node>
              <Node>
                <NodeName>IntervalForSecondSetOfRetries</NodeName>
                <DFProperties>
                  <AccessType>
                    <Add />
                    <Delete />
                    <Get />
                    <Replace />
                  </AccessType>
                  <DFFormat>
                    <int />
                  </DFFormat>
                  <Occurrence>
                    <ZeroOrOne />
                  </Occurrence>
                  <Scope>
                    <Dynamic />
                  </Scope>
                  <DFType>
                    <MIME>text/plain</MIME>
                  </DFType>
                </DFProperties>
              </Node>
              <Node>
                <NodeName>NumberOfSecondRetries</NodeName>
                <DFProperties>
                  <AccessType>
                    <Add />
                    <Delete />
                    <Get />
                    <Replace />
                  </AccessType>
                  <DFFormat>
                    <int />
                  </DFFormat>
                  <Occurrence>
                    <ZeroOrOne />
                  </Occurrence>
                  <Scope>
                    <Dynamic />
                  </Scope>
                  <DFType>
                    <MIME>text/plain</MIME>
                  </DFType>
                </DFProperties>
              </Node>
              <Node>
                <NodeName>IntervalForRemainingScheduledRetries</NodeName>
                <DFProperties>
                  <AccessType>
                    <Add />
                    <Delete />
                    <Get />
                    <Replace />
                  </AccessType>
                  <DFFormat>
                    <int />
                  </DFFormat>
                  <Occurrence>
                    <ZeroOrOne />
                  </Occurrence>
                  <Scope>
                    <Dynamic />
                  </Scope>
                  <DFType>
                    <MIME>text/plain</MIME>
                  </DFType>
                </DFProperties>
              </Node>
              <Node>
                <NodeName>NumberOfRemainingScheduledRetries</NodeName>
                <DFProperties>
                  <AccessType>
                    <Add />
                    <Delete />
                    <Get />
                    <Replace />
                  </AccessType>
                  <DFFormat>
                    <int />
                  </DFFormat>
                  <Occurrence>
                    <ZeroOrOne />
                  </Occurrence>
                  <Scope>
                    <Dynamic />
                  </Scope>
                  <DFType>
                    <MIME>text/plain</MIME>
                  </DFType>
                </DFProperties>
              </Node>
              <Node>
                <NodeName>PollOnLogin</NodeName>
                <DFProperties>
                  <AccessType>
                    <Add />
                    <Delete />
                    <Get />
                    <Replace />
                  </AccessType>
                  <DFFormat>
                    <bool />
                  </DFFormat>
                  <Occurrence>
                    <ZeroOrOne />
                  </Occurrence>
                  <Scope>
                    <Dynamic />
                  </Scope>
                  <DFType>
                    <MIME>text/plain</MIME>
                  </DFType>
                </DFProperties>
              </Node>
              <Node>
                <NodeName>AllUsersPollOnFirstLogin</NodeName>
                <DFProperties>
                  <AccessType>
                    <Add />
                    <Delete />
                    <Get />
                    <Replace />
                  </AccessType>
                  <DFFormat>
                    <bool />
                  </DFFormat>
                  <Occurrence>
                    <ZeroOrOne />
                  </Occurrence>
                  <Scope>
                    <Dynamic />
                  </Scope>
                  <DFType>
                    <MIME>text/plain</MIME>
                  </DFType>
                </DFProperties>
              </Node>
            </Node>
            <Node>
              <NodeName>CustomEnrollmentCompletePage</NodeName>
              <DFProperties>
                <AccessType>
                  <Add />
                  <Delete />
                  <Get />
                </AccessType>
                <DFFormat>
                  <node />
                </DFFormat>
                <Occurrence>
                  <ZeroOrOne />
                </Occurrence>
                <Scope>
                  <Dynamic />
                </Scope>
                <DFType>
                  <DDFName></DDFName>
                </DFType>
              </DFProperties>
              <Node>
                <NodeName>Title</NodeName>
                <DFProperties>
                  <AccessType>
                    <Add />
                    <Delete />
                    <Get />
                    <Replace />
                  </AccessType>
                  <DFFormat>
                    <chr />
                  </DFFormat>
                  <Occurrence>
                    <ZeroOrOne />
                  </Occurrence>
                  <Scope>
                    <Dynamic />
                  </Scope>
                  <DFType>
                    <MIME>text/plain</MIME>
                  </DFType>
                </DFProperties>
              </Node>
              <Node>
                <NodeName>BodyText</NodeName>
                <DFProperties>
                  <AccessType>
                    <Add />
                    <Delete />
                    <Get />
                    <Replace />
                  </AccessType>
                  <DFFormat>
                    <chr />
                  </DFFormat>
                  <Occurrence>
                    <ZeroOrOne />
                  </Occurrence>
                  <Scope>
                    <Dynamic />
                  </Scope>
                  <DFType>
                    <MIME>text/plain</MIME>
                  </DFType>
                </DFProperties>
              </Node>
              <Node>
                <NodeName>HyperlinkHref</NodeName>
                <DFProperties>
                  <AccessType>
                    <Add />
                    <Delete />
                    <Get />
                    <Replace />
                  </AccessType>
                  <DFFormat>
                    <chr />
                  </DFFormat>
                  <Occurrence>
                    <ZeroOrOne />
                  </Occurrence>
                  <Scope>
                    <Dynamic />
                  </Scope>
                  <DFType>
                    <MIME>text/plain</MIME>
                  </DFType>
                </DFProperties>
              </Node>
              <Node>
                <NodeName>HyperlinkText</NodeName>
                <DFProperties>
                  <AccessType>
                    <Add />
                    <Delete />
                    <Get />
                    <Replace />
                  </AccessType>
                  <DFFormat>
                    <chr />
                  </DFFormat>
                  <Occurrence>
                    <ZeroOrOne />
                  </Occurrence>
                  <Scope>
                    <Dynamic />
                  </Scope>
                  <DFType>
                    <MIME>text/plain</MIME>
                  </DFType>
                </DFProperties>
              </Node>
            </Node>
            <Node>
              <NodeName>FirstSyncStatus</NodeName>
              <DFProperties>
                <AccessType>
                  <Add />
                  <Delete />
                  <Get />
                </AccessType>
                <DFFormat>
                  <node />
                </DFFormat>
                <Occurrence>
                  <ZeroOrOne />
                </Occurrence>
                <Scope>
                  <Dynamic />
                </Scope>
                <DFType>
                  <DDFName></DDFName>
                </DFType>
              </DFProperties>
              <Node>
                <NodeName>ExpectedPolicies</NodeName>
                <DFProperties>
                  <AccessType>
                    <Add />
                    <Delete />
                    <Get />
                    <Replace />
                  </AccessType>
                  <Description>This node contains a list of LocURIs that refer to Policies the ISV expects to provision, delimited by the character L"\xF000" (the CSP_LIST_DELIMITER).</Description>
                  <DFFormat>
                    <chr />
                  </DFFormat>
                  <Occurrence>
                    <One />
                  </Occurrence>
                  <Scope>
                    <Dynamic />
                  </Scope>
                  <DFType>
                    <MIME>text/plain</MIME>
                  </DFType>
                </DFProperties>
              </Node>
              <Node>
                <NodeName>ExpectedNetworkProfiles</NodeName>
                <DFProperties>
                  <AccessType>
                    <Add />
                    <Delete />
                    <Get />
                    <Replace />
                  </AccessType>
                  <Description>This node contains a list of LocURIs that refer to Wi-Fi profiles and VPN profiles the ISV expects to provision, delimited by the character L"\xF000".</Description>
                  <DFFormat>
                    <chr />
                  </DFFormat>
                  <Occurrence>
                    <One />
                  </Occurrence>
                  <Scope>
                    <Dynamic />
                  </Scope>
                  <DFType>
                    <MIME>text/plain</MIME>
                  </DFType>
                </DFProperties>
              </Node>
              <Node>
                <NodeName>ExpectedMSIAppPackages</NodeName>
                <DFProperties>
                  <AccessType>
                    <Add />
                    <Delete />
                    <Get />
                    <Replace />
                  </AccessType>
                  <Description>This node contains a list of LocURIs that refer to App Packages the ISV expects to provision via EnterpriseDesktopAppManagement CSP, delimited by the character L"\xF000".  The LocURI will be followed by a semicolon and a number, representing the amount of apps included in the App Package.  We will not verify that number.  E.G. ./User/Vendor/MSFT/EnterpriseDesktopAppManagement/MSI/ProductID1/Status;4"\xF000" ./User/Vendor/MSFT/EnterpriseDesktopAppManagement/MSI/ProductID2/Status;2  Which  will represent that App Package ProductID1 contains 4 apps, whereas ProductID2 contains 2 apps.</Description>
                  <DFFormat>
                    <chr />
                  </DFFormat>
                  <Occurrence>
                    <One />
                  </Occurrence>
                  <Scope>
                    <Dynamic />
                  </Scope>
                  <DFType>
                    <MIME>text/plain</MIME>
                  </DFType>
                </DFProperties>
              </Node>
              <Node>
                <NodeName>ExpectedModernAppPackages</NodeName>
                <DFProperties>
                  <AccessType>
                    <Add />
                    <Delete />
                    <Get />
                    <Replace />
                  </AccessType>
                  <Description>This node contains a list of LocURIs that refer to App Packages the ISV expects to provision via EnterpriseModernAppManagement CSP, delimited by the character L"\xF000".  The LocURI will be followed by a semicolon and a number, representing the amount of apps included in the App Package.  We will not verify that number.  E.G. ./Vendor/MSFT/EnterpriseModernAppManagement/AppManagement/AppStore/PackageFamilyName/PackageFullName/Name;4"\xF000" ./Vendor/MSFT/EnterpriseModernAppManagement/AppManagement/AppStore/PackageFamilyName/PackageFullName2/Name;2  Which  will represent that App Package PackageFullName contains 4 apps, whereas PackageFullName2 contains 2 apps.</Description>
                  <DFFormat>
                    <chr />
                  </DFFormat>
                  <Occurrence>
                    <One />
                  </Occurrence>
                  <Scope>
                    <Dynamic />
                  </Scope>
                  <DFType>
                    <MIME>text/plain</MIME>
                  </DFType>
                </DFProperties>
              </Node>
              <Node>
                <NodeName>ExpectedPFXCerts</NodeName>
                <DFProperties>
                  <AccessType>
                    <Add />
                    <Delete />
                    <Get />
                    <Replace />
                  </AccessType>
                  <Description>This node contains a list of LocURIs that refer to certs the ISV expects to provision via ClientCertificateInstall CSP, delimited by the character L"\xF000" (the CSP_LIST_DELIMITER).</Description>
                  <DFFormat>
                    <chr />
                  </DFFormat>
                  <Occurrence>
                    <One />
                  </Occurrence>
                  <Scope>
                    <Dynamic />
                  </Scope>
                  <DFType>
                    <MIME>text/plain</MIME>
                  </DFType>
                </DFProperties>
              </Node>
              <Node>
                <NodeName>ExpectedSCEPCerts</NodeName>
                <DFProperties>
                  <AccessType>
                    <Add />
                    <Delete />
                    <Get />
                    <Replace />
                  </AccessType>
                  <Description>This node contains a list of LocURIs that refer to SCEP certs the ISV expects to provision via ClientCertificateInstall CSP, delimited by the character L"\xF000" (the CSP_LIST_DELIMITER).</Description>
                  <DFFormat>
                    <chr />
                  </DFFormat>
                  <Occurrence>
                    <One />
                  </Occurrence>
                  <Scope>
                    <Dynamic />
                  </Scope>
                  <DFType>
                    <MIME>text/plain</MIME>
                  </DFType>
                </DFProperties>
              </Node>
              <Node>
                <NodeName>TimeOutUntilSyncFailure</NodeName>
                <DFProperties>
                  <AccessType>
                    <Get />
                    <Replace />
                  </AccessType>
                  <Description>This node determines how long we will poll until we surface an error message to the user.  The unit of measurement is minutes.  Default value will be 60, while maximum value will be 1,440 (one day).</Description>
                  <DFFormat>
                    <int />
                  </DFFormat>
                  <Occurrence>
                    <One />
                  </Occurrence>
                  <Scope>
                    <Permanent />
                  </Scope>
                  <DFType>
                    <MIME>text/plain</MIME>
                  </DFType>
                </DFProperties>
              </Node>
              <Node>
                <NodeName>ServerHasFinishedProvisioning</NodeName>
                <DFProperties>
                  <AccessType>
                    <Get />
                    <Replace />
                  </AccessType>
                  <Description>This node is set by the server to inform the UX that the server has finished provisioning the device.  This was added so that the server can “change its mind" about what it needs to provision on the device.  When this node is set, many other DM Client nodes will no longer be able to be changed.  If this node is not True, the UX will consider the provisioning a failure.  Once set to true, it would reject attempts to change it back to false with CFGMGR_E_COMMANDNOTALLOWED.</Description>
                  <DFFormat>
                    <bool />
                  </DFFormat>
                  <Occurrence>
                    <One />
                  </Occurrence>
                  <Scope>
                    <Permanent />
                  </Scope>
                  <DFType>
                    <MIME>text/plain</MIME>
                  </DFType>
                </DFProperties>
              </Node>
              <Node>
                <NodeName>IsSyncDone</NodeName>
                <DFProperties>
                  <AccessType>
                    <Get />
                    <Replace />
                  </AccessType>
                  <Description>This node, when doing a get, tells the server if the “First Syncs" are done and the device is fully provisioned.  When doing a Set, this triggers the UX to override whatever state it is in and tell the user that the device is provisioned.  It cannot be set from True to False (it will not change its mind on whether or not the sync is done), and it cannot be set from True to True (to prevent notifications from firing multiple times).</Description>
                  <DFFormat>
                    <bool />
                  </DFFormat>
                  <Occurrence>
                    <One />
                  </Occurrence>
                  <Scope>
                    <Permanent />
                  </Scope>
                  <DFType>
                    <MIME>text/plain</MIME>
                  </DFType>
                </DFProperties>
              </Node>
              <Node>
                <NodeName>WasDeviceSuccessfullyProvisioned</NodeName>
                <DFProperties>
                  <AccessType>
                    <Get />
                    <Replace />
                  </AccessType>
                  <Description>Integer node determining if a Device was Successfully provisioned.  0 is failure, 1 is success, 2 is in progress.  Once the value is changed to 0 or 1, the value cannot be changed again.  The client will change the value of success or failure and update the node.  The server can, however, force a failure or success message to appear on the device by setting this value and then setting the IsSyncDone node to true.</Description>
                  <DFFormat>
                    <int />
                  </DFFormat>
                  <Occurrence>
                    <One />
                  </Occurrence>
                  <Scope>
                    <Permanent />
                  </Scope>
                  <DFType>
                    <MIME>text/plain</MIME>
                  </DFType>
                </DFProperties>
              </Node>
            </Node>
            <Node>
              <NodeName>EnhancedAppLayerSecurity</NodeName>
              <DFProperties>
                <AccessType>
                  <Get />
                </AccessType>
                <DFFormat>
                  <node />
                </DFFormat>
                <Occurrence>
                  <One />
                </Occurrence>
                <Scope>
                  <Dynamic />
                </Scope>
                <DFType>
                  <DDFName></DDFName>
                </DFType>
              </DFProperties>
              <Node>
                <NodeName>SecurityMode</NodeName>
                <DFProperties>
                  <AccessType>
                    <Get />
                    <Add />
                    <Delete />
                    <Replace />
                  </AccessType>
                  <Description>This node specifies how the client will perform the app layer signing and encryption. 0: no op; 1: sign only; 2: encrypt only; 3: sign and encrypt. The default value is 0.</Description>
                  <DFFormat>
                    <int />
                  </DFFormat>
                  <Occurrence>
                    <One />
                  </Occurrence>
                  <Scope>
                    <Dynamic />
                  </Scope>
                  <DFType>
                    <MIME>text/plain</MIME>
                  </DFType>
                </DFProperties>
              </Node>
              <Node>
                <NodeName>UseCertIfRevocationCheckOffline</NodeName>
                <DFProperties>
                  <AccessType>
                    <Get />
                    <Add />
                    <Delete />
                    <Replace />
                  </AccessType>
                  <Description>This node, when it is set, tells the client to use the certificate even when the client cannot check the certificate's revocation status because the device is offline. The default value is set.</Description>
                  <DFFormat>
                    <bool />
                  </DFFormat>
                  <Occurrence>
                    <One />
                  </Occurrence>
                  <Scope>
                    <Dynamic />
                  </Scope>
                  <DFType>
                    <MIME>text/plain</MIME>
                  </DFType>
                </DFProperties>
              </Node>
              <Node>
                <NodeName>Cert0</NodeName>
                <DFProperties>
                  <AccessType>
                    <Get />
                    <Add />
                    <Delete />
                    <Replace />
                  </AccessType>
                  <Description>The node contains the primary certificate - the public key to use.</Description>
                  <DFFormat>
                    <chr />
                  </DFFormat>
                  <Occurrence>
                    <One />
                  </Occurrence>
                  <Scope>
                    <Dynamic />
                  </Scope>
                  <DFType>
                    <MIME>text/plain</MIME>
                  </DFType>
                </DFProperties>
              </Node>
              <Node>
                <NodeName>Cert1</NodeName>
                <DFProperties>
                  <AccessType>
                    <Get />
                    <Add />
                    <Delete />
                    <Replace />
                  </AccessType>
                  <Description>The node contains the secondary certificate - the public key to use.</Description>
                  <DFFormat>
                    <chr />
                  </DFFormat>
                  <Occurrence>
                    <One />
                  </Occurrence>
                  <Scope>
                    <Dynamic />
                  </Scope>
                  <DFType>
                    <MIME>text/plain</MIME>
                  </DFType>
                </DFProperties>
              </Node>
            </Node>
          </Node>
        </Node>
        <Node>
          <NodeName>Unenroll</NodeName>
          <DFProperties>
            <AccessType>
              <Exec />
              <Get />
            </AccessType>
            <DFFormat>
              <null />
            </DFFormat>
            <Occurrence>
              <One />
            </Occurrence>
            <Scope>
              <Permanent />
            </Scope>
            <DFType>
              <MIME>text/plain</MIME>
            </DFType>
          </DFProperties>
        </Node>
        <Node>
          <NodeName>UpdateManagementServiceAddress</NodeName>
          <DFProperties>
            <AccessType>
              <Get />
              <Replace />
            </AccessType>
            <DFFormat>
              <chr />
            </DFFormat>
            <Occurrence>
              <ZeroOrOne />
            </Occurrence>
            <Scope>
              <Dynamic />
            </Scope>
            <DFType>
              <MIME>text/plain</MIME>
            </DFType>
          </DFProperties>
        </Node>
        <Node>
          <NodeName>HWDevID</NodeName>
          <DFProperties>
            <AccessType>
              <Get />
            </AccessType>
            <DFFormat>
              <chr />
            </DFFormat>
            <Occurrence>
              <ZeroOrOne />
            </Occurrence>
            <Scope>
              <Dynamic />
            </Scope>
            <DFType>
              <MIME>text/plain</MIME>
            </DFType>
          </DFProperties>
        </Node>
      </Node>
</MgmtTree>
