﻿<?xml version="1.0" encoding="UTF-8"?>
<!DOCTYPE MgmtTree PUBLIC " -//OMA//DTD-DM-DDF 1.2//EN"
  "http://www.openmobilealliance.org/tech/DTD/DM_DDF-V1_2.dtd"
  [<?oma-dm-ddf-ver supported-versions="1.2"?>]>
<MgmtTree xmlns:MSFT="http://schemas.microsoft.com/MobileDevice/DM">
  <VerDTD>1.2</VerDTD>
      <Node>
        <NodeName>OfflineDomainJoin</NodeName>
        <Path>./Device/Vendor/MSFT</Path>
        <DFProperties>
          <AccessType>
            <Get />
          </AccessType>
          <DFFormat>
            <node />
          </DFFormat>
          <Occurrence>
            <One />
          </Occurrence>
          <Scope>
            <Permanent />
          </Scope>
          <DFType>
            <DDFName></DDFName>
          </DFType>
        </DFProperties>
        <Node>
          <NodeName>Blob</NodeName>
          <DFProperties>
            <AccessType>
              <Exec />
              <Get />
            </AccessType>
            <DFFormat>
              <b64 />
            </DFFormat>
            <Occurrence>
              <One />
            </Occurrence>
            <Scope>
              <Permanent />
            </Scope>
            <DFTitle>Blob</DFTitle>
            <DFType>
              <DDFName></DDFName>
            </DFType>
          </DFProperties>
        </Node>
      </Node>
</MgmtTree>
